flip,0
z,0
x,103
p,0.001001
diff,997.785702
