,generated_inv,post,sampling_time,learning_time,verifying_time,total_time
Geo0,z + [flip == 0] * (1-p1)**1 * p1**-1*1,z,9.496908187866211,0.9691379070281982,3.7369611263275146,14.203165769577026
