,generated_inv,post,sampling_time,learning_time,verifying_time,total_time
Geo0,z + [flip == 0] * (1-p1)**1 * p1**-1*1,z,11.137896299362183,2.0295097827911377,64.90147662162781,78.06912016868591
