,generated_inv,post,sampling_time,learning_time,verifying_time,total_time
Geo1,z + [flip == 0] * (1-p1)**1 * p1**-1*1,z,0.0018646717071533203,2.9348888397216797,20.2398579120636,23.176846504211426
